ID;CLASSIFIED;TYPE
372;BUG;BUG
2500;BUG;BUG
4690;RFE;BUG
4829;RFE;RFE
6582;DOCUMENTATION;BUG
9351;BUG;BUG
10671;BUG;BUG
11740;BUG;BUG
11742;BUG;BUG
11829;BUG;BUG
11883;BUG;BUG
11884;BUG;BUG
12003;BUG;BUG
12020;BUG;BUG
12046;IMPROVEMENT;BUG
12088;BUG;BUG
12107;OTHER;BUG
12109;BUG;BUG
12135;DOCUMENTATION;BUG
12147;OTHER;BUG
12201;BUG;BUG
12269;BUG;BUG
12282;BUG;BUG
12283;BUG;BUG
12319;BUG;BUG
12321;BUG;BUG
12343;BUG;BUG
12381;BUG;BUG
12393;BUG;BUG
12414;BUG;BUG
12456;BUG;BUG
12457;BUG;BUG
12461;CLEANUP;BUG
12466;BUG;BUG
12467;BUG;BUG
12469;BUG;BUG
12558;BUG;BUG
12559;BUG;BUG
12590;BUG;BUG
12594;BUG;BUG
12638;BUG;BUG
12653;BUG;BUG
12654;BUG;BUG
12715;BUG;BUG
12717;BUG;BUG
12718;BUG;BUG
12755;BUG;BUG
13000;BUG;BUG
13058;BUG;BUG
13094;BUG;BUG
13138;BUG;BUG
13140;BUG;BUG
13173;BUG;BUG
13552;IMPROVEMENT;BUG
13553;BUG;BUG
13587;DOCUMENTATION;BUG
13619;BUG;BUG
13723;OTHER;BUG
14230;BUG;BUG
14273;BUG;BUG
14413;BUG;BUG
14526;SPEC;BUG
14616;IMPROVEMENT;BUG
14660;BUG;BUG
14854;RFE;RFE
15002;BUG;BUG
15003;RFE;RFE
15189;IMPROVEMENT;RFE
15337;BUG;RFE
15338;BUG;RFE
15354;BUG;BUG
15355;BUG;BUG
15360;BUG;RFE
15364;BUG;BUG
15391;BUG;BUG
15404;BUG;BUG
15410;IMPROVEMENT;RFE
15411;BUG;BUG
15771;BUG;BUG
15772;BUG;BUG
15774;OTHER;BUG
15851;BUG;BUG
15854;BUG;BUG
15863;BUG;BUG
15904;BUG;BUG
15937;IMPROVEMENT;BUG
15961;BUG;BUG
15964;IMPROVEMENT;BUG
15966;BUG;BUG
15967;BUG;BUG
16027;IMPROVEMENT;BUG
16030;BUG;BUG
16077;BUG;BUG
16078;BUG;BUG
16088;BUG;BUG
16113;BUG;BUG
16127;BUG;BUG
16129;BUG;BUG
16395;BUG;BUG
16572;BUG;BUG
16727;IMPROVEMENT;BUG
16728;BUG;BUG
16731;BUG;BUG
16778;BUG;BUG
16865;BUG;BUG
16899;BUG;BUG
17052;BUG;BUG
17059;IMPROVEMENT;BUG
17061;RFE;BUG
17062;BUG;BUG
17171;OTHER;BUG
17204;BUG;BUG
17310;BUG;BUG
17387;IMPROVEMENT;BUG
17390;BUG;BUG
17394;IMPROVEMENT;BUG
17395;BUG;BUG
17397;BUG;BUG
17398;BUG;BUG
17399;IMPROVEMENT;BUG
17403;BUG;BUG
17404;BUG;BUG
17406;BUG;BUG
17435;BUG;BUG
17438;BUG;BUG
17492;BUG;BUG
17611;BUG;BUG
17749;BUG;BUG
17783;BUG;BUG
17784;BUG;BUG
17785;BUG;BUG
17787;BUG;BUG
17929;OTHER;BUG
18199;BUG;BUG
18200;BUG;BUG
18201;BUG;BUG
18202;BUG;BUG
18204;BUG;BUG
18220;BUG;BUG
18225;BUG;BUG
18236;BUG;BUG
18251;SPEC;BUG
18465;BUG;BUG
18479;BUG;BUG
18535;BUG;BUG
18639;BUG;BUG
19031;BUG;BUG
19032;BUG;BUG
19071;BUG;BUG
19076;BUG;BUG
19093;BUG;BUG
19117;BUG;BUG
19196;OTHER;BUG
19219;BUG;BUG
19240;OTHER;BUG
19265;BUG;BUG
19269;IMPROVEMENT;BUG
19276;BUG;BUG
19445;OTHER;BUG
19455;BUG;BUG
19607;BUILD_SYSTEM;BUG
19610;RFE;BUG
19622;RFE;RFE
19713;BUG;BUG
19910;DOCUMENTATION;BUG
19912;DOCUMENTATION;BUG
19939;DOCUMENTATION;BUG
19940;CLEANUP;BUG
19941;DOCUMENTATION;BUG
19942;BUG;BUG
19958;BUG;BUG
20029;BUG;BUG
20086;DOCUMENTATION;BUG
20291;OTHER;BUG
20320;OTHER;BUG
20894;IMPROVEMENT;RFE
21010;BUG;BUG
21045;BUG;BUG
21067;BUG;BUG
21168;BUG;BUG
21206;BUG;BUG
21279;BUG;BUG
21341;BUG;BUG
21419;BUG;BUG
21553;BUG;BUG
21600;BUG;BUG
21731;BUG;BUG
21753;BUG;BUG
21822;BUG;BUG
21823;BUG;BUG
21917;RFE;BUG
21970;BUG;BUG
21978;BUG;BUG
22006;BUG;BUG
22032;BUG;BUG
22058;OTHER;BUG
22084;IMPROVEMENT;BUG
22090;BUG;BUG
22103;BUG;BUG
22133;BUG;BUG
22146;BUG;BUG
22174;OTHER;BUG
22192;BUG;BUG
22266;RFE;RFE
22273;DOCUMENTATION;RFE
22277;BUG;BUG
22291;BUILD_SYSTEM;RFE
22439;BUG;BUG
22478;BUILD_SYSTEM;BUG
22494;CLEANUP;BUG
22571;BUG;BUG
22602;BUILD_SYSTEM;RFE
22681;BUG;BUG
22691;BUG;RFE
22698;BUG;BUG
22833;BUG;BUG
22848;DOCUMENTATION;RFE
22857;BUG;BUG
22858;BUG;BUG
22867;OTHER;BUG
22986;BUG;BUG
22995;RFE;RFE
23290;DOCUMENTATION;BUG
23312;BUG;BUG
23344;RFE;RFE
23349;DOCUMENTATION;BUG
23373;BUG;BUG
23463;OTHER;BUG
23525;BUG;BUG
23547;DOCUMENTATION;RFE
23610;RFE;RFE
23691;BUG;BUG
23751;BUG;BUG
23764;BUG;BUG
23767;DOCUMENTATION;BUG
23881;IMPROVEMENT;BUG
23953;BUG;BUG
24085;BUG;BUG
24186;BUG;BUG
24270;BUG;BUG
24349;BUG;BUG
24482;DOCUMENTATION;BUG
24708;DOCUMENTATION;BUG
24723;DOCUMENTATION;BUG
24779;BUG;BUG
24787;IMPROVEMENT;BUG
24829;BUG;BUG
24832;BUG;BUG
24904;BUG;BUG
24957;BUG;BUG
24968;DOCUMENTATION;BUG
24972;OTHER;BUG
25010;RFE;RFE
25011;DOCUMENTATION;BUG
25033;BUG;BUG
25079;BUG;BUG
25138;BUG;BUG
25160;IMPROVEMENT;BUG
25193;BUG;BUG
25199;BUG;BUG
25234;BUG;BUG
25263;BUG;BUG
25415;BUG;BUG
25419;IMPROVEMENT;BUG
25452;BUILD_SYSTEM;BUG
25493;BUG;BUG
25555;DOCUMENTATION;BUG
25593;BUG;BUG
25599;BUG;BUG
25603;BUG;BUG
25610;DOCUMENTATION;BUG
25681;BUG;BUG
25703;BUG;BUG
25774;DOCUMENTATION;BUG
25787;BUG;BUG
25792;BUG;BUG
25796;BUG;BUG
25805;OTHER;BUG
25807;OTHER;BUG
25819;OTHER;BUG
25822;RFE;RFE
25838;OTHER;RFE
25878;BUG;BUG
25885;BUG;BUG
25886;RFE;BUG
25889;BUG;BUG
25980;DOCUMENTATION;BUG
26010;OTHER;BUG
26039;IMPROVEMENT;RFE
26051;RFE;BUG
26106;DOCUMENTATION;RFE
26135;BUG;BUG
26147;BUG;BUG
26162;BUG;BUG
26171;BUG;BUG
26191;BUG;BUG
26229;BUG;BUG
26237;BUG;BUG
26242;BUILD_SYSTEM;BUG
26261;BUG;BUG
26276;BUG;BUG
26335;BUG;BUG
26341;OTHER;BUG
26373;BUG;BUG
26414;RFE;RFE
26432;BUG;BUG
26487;BUG;BUG
26492;RFE;RFE
26567;IMPROVEMENT;BUG
26611;BUG;BUG
26628;BUG;BUG
26662;BUG;BUG
26715;BUG;BUG
26796;BUG;BUG
26805;OTHER;BUG
26838;BUG;BUG
26906;BUG;BUG
26979;RFE;RFE
26988;BUG;BUG
27050;BUG;BUG
27077;BUG;BUG
27090;RFE;RFE
27100;IMPROVEMENT;BUG
27104;BUG;BUG
27122;OTHER;RFE
27127;BUG;BUG
27156;RFE;BUG
27190;BUG;BUG
27276;BUG;BUG
27296;BUG;BUG
27299;BUG;BUG
27300;BUG;BUG
27307;IMPROVEMENT;RFE
27309;BUG;BUG
27330;BUG;BUG
27336;BUG;BUG
27338;BUG;BUG
27368;BUG;BUG
27447;BUG;BUG
27458;DOCUMENTATION;BUG
27469;IMPROVEMENT;BUG
27478;BUG;BUG
27513;BUG;BUG
27517;BUG;BUG
27520;BUG;BUG
27553;IMPROVEMENT;BUG
27617;IMPROVEMENT;RFE
27629;OTHER;BUG
27642;RFE;BUG
27664;IMPROVEMENT;BUG
27665;BUG;BUG
27704;SPEC;BUG
27752;BUG;BUG
27790;BUG;BUG
27830;BUG;BUG
27948;BUG;BUG
27988;IMPROVEMENT;RFE
28058;BUG;BUG
28107;BUILD_SYSTEM;RFE
28131;BUG;BUG
28147;BUG;RFE
28156;BUG;BUG
28161;BUG;BUG
28178;BUG;BUG
28234;DOCUMENTATION;BUG
28236;IMPROVEMENT;BUG
28244;SPEC;BUG
28259;IMPROVEMENT;BUG
28262;BUG;BUG
28286;REFACTORING;RFE
28321;BUG;BUG
28333;DOCUMENTATION;RFE
28335;DOCUMENTATION;BUG
28361;BUG;BUG
28380;BUG;BUG
28441;RFE;RFE
28524;IMPROVEMENT;BUG
28603;BUG;BUG
28604;IMPROVEMENT;BUG
28610;BUG;BUG
28631;BUG;BUG
28633;RFE;RFE
28634;RFE;RFE
28674;BUG;BUG
28696;BUG;BUG
28709;BUG;BUG
28840;BUG;BUG
28852;BUILD_SYSTEM;RFE
28875;BUG;BUG
28905;OTHER;BUG
28910;DOCUMENTATION;BUG
28914;RFE;BUG
28937;IMPROVEMENT;BUG
28940;BUG;BUG
28943;BUG;BUG
28959;BUG;BUG
28971;BUG;BUG
28989;OTHER;BUG
29035;IMPROVEMENT;BUG
29038;BUG;BUG
29048;DESIGN_DEFECT;RFE
29056;BUG;BUG
29100;BUG;BUG
29108;BUG;BUG
29133;BUG;BUG
29166;OTHER;BUG
29174;IMPROVEMENT;BUG
29246;BUG;BUG
29247;BUG;BUG
29339;IMPROVEMENT;BUG
29368;CLEANUP;RFE
29387;BUG;BUG
29389;DOCUMENTATION;RFE
29399;BUG;BUG
29418;RFE;BUG
29470;IMPROVEMENT;BUG
29472;DESIGN_DEFECT;RFE
29478;BUG;BUG
29521;BUG;BUG
29561;BUG;BUG
29584;DOCUMENTATION;BUG
29597;IMPROVEMENT;BUG
29661;IMPROVEMENT;BUG
29688;BUG;BUG
29727;BUG;BUG
29779;BUG;BUG
29826;BUG;BUG
29831;RFE;BUG
29866;BUG;BUG
29869;IMPROVEMENT;BUG
29887;BUG;BUG
29914;RFE;BUG
29923;DOCUMENTATION;RFE
29936;BUG;BUG
29938;BUG;BUG
29971;BUG;BUG
30028;IMPROVEMENT;BUG
30048;DOCUMENTATION;BUG
30067;BUG;BUG
30073;BUG;BUG
30117;BUG;BUG
30144;IMPROVEMENT;RFE
30149;BUG;BUG
30155;BUG;BUG
30159;DOCUMENTATION;BUG
30179;BUG;BUG
30239;DOCUMENTATION;BUG
30241;RFE;RFE
30245;DOCUMENTATION;BUG
30289;BUG;BUG
30291;BUG;BUG
30314;IMPROVEMENT;RFE
30325;BUG;RFE
30346;OTHER;BUG
30352;RFE;RFE
30359;BUG;BUG
30415;IMPROVEMENT;BUG
30561;BUG;BUG
30568;DOCUMENTATION;BUG
30583;RFE;BUG
30587;DOCUMENTATION;BUG
30602;BUG;BUG
30615;BUG;BUG
30624;BUG;BUG
30636;BUG;BUG
30650;DOCUMENTATION;RFE
30756;DOCUMENTATION;BUG
30762;BUG;BUG
30763;RFE;RFE
30770;BUG;BUG
30803;BUG;BUG
30869;BUG;BUG
30905;BUG;BUG
30936;IMPROVEMENT;BUG
30949;BUG;BUG
30984;RFE;RFE
31001;BUG;BUG
31018;BUG;BUG
31051;DOCUMENTATION;BUG
31052;IMPROVEMENT;BUG
31065;BUG;BUG
31090;BUG;BUG
31098;BUG;BUG
31110;OTHER;BUG
31129;DOCUMENTATION;BUG
31132;TEST;BUG
31171;BUG;BUG
31185;BUG;BUG
31209;OTHER;BUG
31257;BUG;BUG
31277;DOCUMENTATION;BUG
31288;RFE;RFE
31339;BUG;BUG
31356;BUG;BUG
31362;BUG;BUG
31364;BUG;BUG
31436;BUG;BUG
31447;RFE;RFE
31465;BUG;BUG
31495;BUG;BUG
31499;RFE;RFE
31510;BUG;BUG
31511;BUG;BUG
31535;OTHER;BUG
31549;IMPROVEMENT;BUG
31576;CLEANUP;BUG
31578;DOCUMENTATION;BUG
31592;BUG;BUG
31623;BUG;BUG
31656;IMPROVEMENT;RFE
31659;RFE;RFE
31663;BUG;BUG
31671;RFE;RFE
31677;IMPROVEMENT;BUG
31683;DOCUMENTATION;BUG
31707;BUG;BUG
31722;BUG;BUG
31732;BUG;BUG
31739;DOCUMENTATION;BUG
31753;IMPROVEMENT;BUG
31777;IMPROVEMENT;BUG
31804;BUG;BUG
31851;RFE;BUG
31903;SPEC;BUG
31912;RFE;RFE
31945;RFE;RFE
32019;IMPROVEMENT;RFE
32023;BUG;BUG
32031;BUG;BUG
32081;IMPROVEMENT;BUG
32082;RFE;RFE
32130;BUG;BUG
32137;BUG;BUG
32141;BUG;BUG
32209;DOCUMENTATION;BUG
32210;DOCUMENTATION;BUG
32235;BUG;BUG
32249;DOCUMENTATION;BUG
32269;BUG;BUG
32276;DOCUMENTATION;RFE
32280;BUG;BUG
32282;IMPROVEMENT;BUG
32330;BUG;BUG
32371;DOCUMENTATION;BUG
32372;BUILD_SYSTEM;BUG
32373;DOCUMENTATION;BUG
32381;BUG;BUG
32382;DOCUMENTATION;RFE
32431;BUG;BUG
32445;BUG;BUG
32454;DOCUMENTATION;BUG
32456;DOCUMENTATION;BUG
32502;BUG;BUG
32505;BUG;BUG
32532;DOCUMENTATION;BUG
32569;BUG;BUG
32603;DOCUMENTATION;BUG
32604;IMPROVEMENT;BUG
32646;BUG;BUG
32680;BUG;BUG
32694;BUG;BUG
32713;BUG;BUG
32714;DESIGN_DEFECT;BUG
32719;BUG;BUG
32729;BUG;BUG
32741;IMPROVEMENT;BUG
32746;BUG;BUG
32753;BUG;BUG
32754;BUG;BUG
32771;BUG;BUG
32777;BUG;BUG
32781;BUG;BUG
32795;RFE;RFE
32800;BUILD_SYSTEM;RFE
32832;BUG;BUG
32866;BUG;BUG
32867;BUG;BUG
32898;BUG;BUG
32908;BUG;BUG
32938;RFE;RFE
32953;DOCUMENTATION;BUG
32968;DOCUMENTATION;BUG
32969;DOCUMENTATION;BUG
33033;BUG;BUG
33106;IMPROVEMENT;RFE
33117;DOCUMENTATION;BUG
33143;IMPROVEMENT;RFE
33157;BUG;BUG
33187;BUG;BUG
33204;DOCUMENTATION;BUG
33219;IMPROVEMENT;RFE
33223;BUG;BUG
33261;IMPROVEMENT;BUG
33262;IMPROVEMENT;RFE
33267;BUG;BUG
33325;BUILD_SYSTEM;RFE
33351;BUG;RFE
33356;BUG;BUG
33357;BUG;BUG
33368;BUG;BUG
33371;DESIGN_DEFECT;BUG
33373;BUG;BUG
33407;BUG;BUG
33453;BUG;RFE
33463;BUG;BUG
33489;OTHER;BUG
33510;IMPROVEMENT;BUG
33522;DOCUMENTATION;BUG
33538;IMPROVEMENT;BUG
33539;IMPROVEMENT;BUG
33558;BUG;BUG
33572;BUG;BUG
33636;BUG;RFE
33650;IMPROVEMENT;RFE
33692;DOCUMENTATION;BUG
33711;IMPROVEMENT;BUG
33713;BUG;BUG
33719;DOCUMENTATION;BUG
33739;DOCUMENTATION;RFE
33743;BUG;BUG
33755;DOCUMENTATION;RFE
33767;DOCUMENTATION;BUG
33774;OTHER;BUG
33776;BUG;BUG
33778;DOCUMENTATION;BUG
33804;IMPROVEMENT;BUG
33810;BUG;BUG
33857;DOCUMENTATION;RFE
33883;DOCUMENTATION;BUG
33961;BUG;BUG
33971;BUG;BUG
34006;BUG;BUG
34016;BUG;BUG
34033;BUG;BUG
34034;IMPROVEMENT;BUG
34113;BUG;BUG
34131;BUG;BUG
34139;DOCUMENTATION;BUG
34161;BUG;BUG
34170;BUG;BUG
34176;BUG;BUG
34220;IMPROVEMENT;RFE
34237;DOCUMENTATION;BUG
34248;DOCUMENTATION;BUG
34250;RFE;RFE
34272;REFACTORING;RFE
34273;IMPROVEMENT;BUG
34361;BUILD_SYSTEM;RFE
34389;BUG;BUG
34399;BUG;BUG
34465;BUG;BUG
34474;BUG;BUG
34509;BUG;BUG
34546;BUG;BUG
34578;OTHER;BUG
34615;IMPROVEMENT;BUG
34643;DOCUMENTATION;RFE
34648;OTHER;BUG
34652;RFE;BUG
34675;DOCUMENTATION;BUG
34724;RFE;RFE
34746;DOCUMENTATION;BUG
34749;BUG;BUG
34760;IMPROVEMENT;BUG
34769;BUG;BUG
34794;DOCUMENTATION;RFE
34801;RFE;RFE
34805;RFE;RFE
34818;IMPROVEMENT;BUG
34840;OTHER;BUG
34931;TASK;BUG
34952;DOCUMENTATION;BUG
34956;SPEC;BUG
34984;BUG;BUG
35014;DOCUMENTATION;RFE
35033;BUG;BUG
35054;IMPROVEMENT;RFE
35063;DOCUMENTATION;RFE
35064;BUG;BUG
35090;DOCUMENTATION;BUG
35114;BUILD_SYSTEM;BUG
35270;BUG;BUG
35276;BUG;BUG
35320;DOCUMENTATION;BUG
35333;OTHER;BUG
35351;BUG;BUG
35379;BUILD_SYSTEM;BUG
35386;IMPROVEMENT;BUG
35410;BUG;BUG
35473;BUG;BUG
35571;BUG;BUG
35609;IMPROVEMENT;BUG
35613;DOCUMENTATION;BUG
35696;BUG;BUG
35710;RFE;RFE
35745;IMPROVEMENT;BUG
35758;BUG;BUG
35788;DOCUMENTATION;RFE
35819;BUG;BUG
35835;OTHER;BUG
35865;BUG;BUG
35869;BUG;RFE
35894;RFE;BUG
35899;BUG;BUG
35916;BUG;BUG
35930;BUG;BUG
35942;OTHER;BUG
35968;BUG;BUG
35978;RFE;BUG
35982;BUG;BUG
35984;BUG;BUG
36019;IMPROVEMENT;BUG
36020;IMPROVEMENT;RFE
36055;BUG;BUG
36088;DOCUMENTATION;RFE
36113;BUG;BUG
36123;DOCUMENTATION;BUG
36127;IMPROVEMENT;BUG
36136;REFACTORING;RFE
36173;BUG;BUG
36198;OTHER;BUG
36228;BUG;BUG
36247;BUG;BUG
36254;BUG;BUG
36289;OTHER;BUG
36318;OTHER;BUG
36319;DOCUMENTATION;BUG
36336;BUG;BUG
36343;BUG;BUG
36362;BUG;BUG
36366;DOCUMENTATION;BUG
36388;BUG;BUG
36481;BUG;RFE
36484;BUG;BUG
36518;BUG;BUG
36534;BUG;BUG
36540;DOCUMENTATION;RFE
36541;BUG;BUG
36558;IMPROVEMENT;BUG
36574;DOCUMENTATION;BUG
36580;BUG;BUG
36594;BUG;BUG
36599;IMPROVEMENT;BUG
36611;DOCUMENTATION;BUG
36673;BUG;BUG
36711;CLEANUP;BUG
36742;RFE;BUG
36802;IMPROVEMENT;BUG
36840;BUG;BUG
36847;BUILD_SYSTEM;BUG
36863;BUG;BUG
36866;REFACTORING;BUG
36905;BUG;BUG
36922;DOCUMENTATION;RFE
36923;BUG;BUG
36968;BUILD_SYSTEM;BUG
36976;BUG;BUG
37035;IMPROVEMENT;RFE
37044;BUG;BUG
37060;BUG;BUG
37062;IMPROVEMENT;RFE
37070;DOCUMENTATION;BUG
37084;BUILD_SYSTEM;BUG
37132;BUG;BUG
37150;BUG;BUG
37171;DOCUMENTATION;BUG
37172;IMPROVEMENT;BUG
37212;IMPROVEMENT;BUG
37261;BUG;BUG
37264;BUG;BUG
37281;IMPROVEMENT;BUG
37284;RFE;BUG
37285;IMPROVEMENT;BUG
37319;OTHER;BUG
37326;BUG;BUG
37327;BUG;BUG
37350;BUG;BUG
37356;BUG;BUG
37407;BUG;BUG
37439;DOCUMENTATION;BUG
37449;RFE;RFE
37458;BUG;BUG
37483;BUG;BUG
37498;BUG;BUG
37509;IMPROVEMENT;BUG
37515;BUILD_SYSTEM;BUG
37529;IMPROVEMENT;BUG
37530;BUG;BUG
37588;BUG;BUG
37591;DOCUMENTATION;BUG
37612;IMPROVEMENT;BUG
37668;DOCUMENTATION;BUG
37669;OTHER;BUG
37673;BUG;BUG
37742;DOCUMENTATION;BUG
37746;BUG;BUG
37781;BUG;BUG
37785;BUG;BUG
37788;RFE;RFE
37793;BUG;BUG
37794;BUG;BUG
37803;BUG;BUG
37804;IMPROVEMENT;BUG
37808;BUG;BUG
37819;BUILD_SYSTEM;BUG
37822;BUG;BUG
37847;RFE;RFE
37848;IMPROVEMENT;BUG
37852;BUG;BUG
37869;BUG;BUG
37896;BUG;BUG
37933;SPEC;BUG
37934;SPEC;BUG
37977;BUILD_SYSTEM;RFE
37984;BUG;BUG
38012;BUG;BUG
38015;IMPROVEMENT;BUG
38025;BUG;BUG
38030;BUG;BUG
38047;BUG;BUG
38048;IMPROVEMENT;BUG
38052;DOCUMENTATION;BUG
38088;IMPROVEMENT;BUG
38100;BUG;BUG
38113;IMPROVEMENT;BUG
38118;OTHER;BUG
38124;BUG;BUG
38131;RFE;RFE
38154;BUG;BUG
38194;IMPROVEMENT;RFE
38197;BUG;BUG
38198;DOCUMENTATION;BUG
38206;OTHER;BUG
38217;DOCUMENTATION;RFE
38233;BUG;BUG
38262;DOCUMENTATION;BUG
38332;BUG;BUG
38346;BUG;BUG
38352;RFE;BUG
38360;RFE;RFE
38373;DOCUMENTATION;BUG
38376;BUG;BUG
38389;OTHER;BUG
38390;BUG;BUG
38415;BUG;BUG
38476;BUG;BUG
38483;BUG;BUG
38485;BUG;BUG
38489;OTHER;BUG
38508;BUG;BUG
38551;DOCUMENTATION;BUG
38553;IMPROVEMENT;BUG
38555;BUG;BUG
38570;BUG;BUG
38579;OTHER;BUG
38596;IMPROVEMENT;BUG
38630;BUG;BUG
38653;IMPROVEMENT;BUG
38668;RFE;RFE
38676;IMPROVEMENT;BUG
38697;BUG;BUG
38712;BUG;BUG
38713;BUG;BUG
38740;BUG;BUG
38761;OTHER;BUG
38774;RFE;RFE
38776;OTHER;BUG
38779;BUG;BUG
38788;OTHER;BUG
38797;BUG;BUG
38810;OTHER;BUG
38814;BUG;BUG
38897;IMPROVEMENT;BUG
38908;OTHER;BUG
38984;BUG;BUG
38985;BUG;BUG
39011;OTHER;BUG
39013;BUG;BUG
39021;RFE;RFE
39041;OTHER;BUG
39055;RFE;RFE
39088;BUG;BUG
39089;BUG;BUG
39090;OTHER;BUG
39125;BUG;BUG
39126;BUG;BUG
39130;BUG;BUG
39178;BUILD_SYSTEM;BUG
39194;OTHER;BUG
39212;DOCUMENTATION;BUG
39214;OTHER;BUG
39218;IMPROVEMENT;RFE
39231;SPEC;BUG
39255;BUG;BUG
39292;BUG;BUG
39396;IMPROVEMENT;BUG
39402;BUG;BUG
39406;BUG;BUG
39425;IMPROVEMENT;BUG
39433;RFE;BUG
39436;BUG;BUG
39473;BUG;BUG
39476;BUILD_SYSTEM;RFE
39540;DOCUMENTATION;RFE
39572;BUG;BUG
39581;BUG;BUG
39592;BUG;BUG
39596;BUG;BUG
39602;OTHER;BUG
39603;BUG;BUG
39619;BUG;BUG
39627;BUG;BUG
39637;BUG;BUG
39657;RFE;BUG
39674;OTHER;BUG
39689;BUG;BUG
39699;BUG;BUG
39711;DOCUMENTATION;BUG
39724;BUG;BUG
39741;IMPROVEMENT;BUG
39752;BUG;BUG
39769;BUG;BUG
39787;BUG;BUG
39791;IMPROVEMENT;BUG
39794;OTHER;BUG
39813;BUG;BUG
39832;IMPROVEMENT;RFE
39844;BUG;BUG
39865;IMPROVEMENT;BUG
39866;BUG;BUG
39875;CLEANUP;BUG
39876;DOCUMENTATION;BUG
39883;DOCUMENTATION;BUG
39933;BUG;BUG
39975;BUG;BUG
39997;BUG;BUG
40001;RFE;RFE
40016;IMPROVEMENT;RFE
40042;RFE;BUG
40053;DOCUMENTATION;BUG
40104;BUG;BUG
40133;IMPROVEMENT;BUG
40150;BUG;BUG
40160;RFE;RFE
40170;BUG;BUG
40177;DOCUMENTATION;RFE
40192;OTHER;BUG
40241;IMPROVEMENT;BUG
40257;OTHER;BUG
40326;IMPROVEMENT;BUG
40375;IMPROVEMENT;BUG
40380;BUG;BUG
40418;OTHER;BUG
40440;BUG;BUG
40449;BUG;BUG
40507;BUG;BUG
40510;OTHER;RFE
40518;IMPROVEMENT;BUG
40524;BUG;BUG
40526;BACKPORT;BUG
40528;IMPROVEMENT;BUG
40534;RFE;RFE
40551;RFE;BUG
40578;IMPROVEMENT;BUG
40581;DOCUMENTATION;BUG
40585;IMPROVEMENT;BUG
40593;IMPROVEMENT;RFE
40625;IMPROVEMENT;BUG
40633;DOCUMENTATION;BUG
40668;OTHER;BUG
40677;DOCUMENTATION;BUG
40714;BUG;BUG
40719;BUG;BUG
40720;BUG;BUG
40723;DOCUMENTATION;BUG
40741;OTHER;BUG
40762;CLEANUP;BUG
40771;BUG;BUG
40789;OTHER;BUG
40797;BUG;BUG
40802;BUILD_SYSTEM;BUG
40817;BUG;BUG
40823;DOCUMENTATION;BUG
40844;BUG;BUG
40860;IMPROVEMENT;BUG
40874;DOCUMENTATION;BUG
40901;BUG;BUG
40929;DOCUMENTATION;BUG
40960;BUG;BUG
40999;RFE;BUG
41008;BUG;BUG
41017;RFE;BUG
41020;IMPROVEMENT;BUG
41051;BUG;BUG
41057;BUG;BUG
41059;RFE;BUG
41074;BUG;BUG
41179;IMPROVEMENT;RFE
41182;DOCUMENTATION;BUG
41217;BUG;BUG
41265;BUG;BUG
41267;BUG;BUG
41327;IMPROVEMENT;BUG
41401;BUG;BUG
41407;BUG;BUG
41437;IMPROVEMENT;BUG
41444;OTHER;BUG
41477;OTHER;BUG
41493;BUG;BUG
41498;DOCUMENTATION;RFE
41502;DOCUMENTATION;BUG
41512;BUG;BUG
41554;DOCUMENTATION;BUG
41564;BUG;BUG
41606;OTHER;BUG
41608;BUG;BUG
41623;IMPROVEMENT;BUG
41655;DOCUMENTATION;BUG
41661;IMPROVEMENT;BUG
41666;BUG;BUG
41673;BUG;RFE
41674;IMPROVEMENT;BUG
41675;IMPROVEMENT;RFE
41709;IMPROVEMENT;RFE
41718;IMPROVEMENT;RFE
41722;RFE;BUG
41739;BUG;BUG
41747;BUILD_SYSTEM;BUG
41752;IMPROVEMENT;BUG
41766;OTHER;BUG
41790;BUG;BUG
41824;BUG;BUG
41851;CLEANUP;BUG
41869;BUG;BUG
41932;OTHER;BUG
41939;BUG;BUG
41956;BUG;BUG
41976;IMPROVEMENT;BUG
41990;OTHER;BUG
42025;DOCUMENTATION;BUG
42039;IMPROVEMENT;BUG
42064;IMPROVEMENT;BUG
42071;BUG;BUG
42072;SPEC;BUG
42085;IMPROVEMENT;BUG
42103;BUG;BUG
42119;BUG;BUG
42172;BUG;BUG
42202;BUG;BUG
42314;BUG;BUG
42354;BUG;BUG
42390;BUG;BUG
42401;DOCUMENTATION;BUG
42419;RFE;RFE
42438;BUG;BUG
42443;TASK;BUG
42445;BUILD_SYSTEM;BUG
42497;BUG;BUG
42547;BUG;BUG
42579;BUG;BUG
42608;BUG;BUG
42643;BUILD_SYSTEM;BUG
42689;IMPROVEMENT;BUG
42691;IMPROVEMENT;BUG
42707;RFE;BUG
42727;BUG;BUG
42750;IMPROVEMENT;BUG
42899;BUG;BUG
42943;BUG;BUG
42944;BUG;BUG
42979;OTHER;BUG
43020;OTHER;BUG
43079;BUG;BUG
43080;BUG;BUG
43117;BUG;BUG
43129;RFE;RFE
43191;IMPROVEMENT;BUG
43236;BUG;BUG
43241;SPEC;BUG
43343;BUG;BUG
43423;OTHER;RFE
43478;TASK;BUG
43538;RFE;RFE
43552;BUG;BUG
43578;BUG;BUG
43594;OTHER;BUG
43611;BUG;BUG
43622;BUG;BUG
43671;BUG;BUG
43675;BUG;BUG
43702;IMPROVEMENT;BUG
43757;BUG;BUG
43796;RFE;RFE
43887;IMPROVEMENT;BUG
43914;BUG;BUG
43957;OTHER;BUG
43960;RFE;RFE
43995;IMPROVEMENT;BUG
44021;RFE;RFE
44084;BUG;BUG
44087;BUG;BUG
44094;BUG;BUG
44282;IMPROVEMENT;BUG
44354;BUG;BUG
44382;RFE;RFE
44463;OTHER;BUG
44494;BUG;BUG
44529;SPEC;BUG
44541;DOCUMENTATION;BUG
44556;BUG;BUG
44562;DESIGN_DEFECT;BUG
44673;BUG;BUG
44715;DOCUMENTATION;BUG
44819;OTHER;BUG
44877;BUG;BUG
44943;OTHER;BUG
44946;DOCUMENTATION;BUG
45052;RFE;RFE
45195;BUG;BUG
45255;RFE;RFE
45272;BUG;BUG
45293;BUG;BUG
45323;DOCUMENTATION;BUG
45453;BUG;BUG
45500;OTHER;BUG
45528;BUG;BUG
45576;RFE;BUG
45591;BUG;BUG
45628;BUG;BUG
45666;BUG;BUG
45737;BACKPORT;BUG
45818;OTHER;BUG
45840;BUG;BUG
45880;OTHER;BUG
45933;BUG;BUG
45985;BUG;BUG
45996;RFE;BUG
46105;BUG;BUG
46252;RFE;RFE
46354;BUG;BUG
46384;BUG;BUG
46408;BUG;BUG
46509;BUG;BUG
46552;IMPROVEMENT;BUG
46562;BUG;BUG
46597;TASK;BUG
46717;BUG;BUG
46770;BUG;BUG
46907;BUG;BUG
46909;IMPROVEMENT;BUG
46950;BUG;BUG
46961;IMPROVEMENT;BUG
46967;BUG;BUG
46982;BUG;BUG
46984;IMPROVEMENT;BUG
47032;BUG;BUG
47225;BUG;BUG
47239;DOCUMENTATION;BUG
47263;DOCUMENTATION;BUG
47316;BUG;BUG
47464;OTHER;BUG
47507;OTHER;BUG
47537;IMPROVEMENT;BUG
47554;BUG;BUG
47609;BUILD_SYSTEM;BUG
47656;DOCUMENTATION;BUG
47688;DOCUMENTATION;BUG
47689;BUILD_SYSTEM;BUG
47712;BUG;BUG
47718;BUG;BUG
47744;BUG;BUG
47878;BUG;BUG
47880;OTHER;RFE
47897;OTHER;BUG
47963;IMPROVEMENT;BUG
47987;BUG;BUG
47997;BUG;BUG
48004;BUG;BUG
48049;BUG;BUG
48138;DOCUMENTATION;BUG
48179;IMPROVEMENT;BUG
48236;IMPROVEMENT;BUG
48311;BUG;BUG
48322;BUG;BUG
48516;BUG;BUG
48530;DOCUMENTATION;RFE
48532;IMPROVEMENT;BUG
48580;BUG;BUG
48581;BUG;BUG
48616;BUG;BUG
48686;BUG;BUG
48717;BUG;BUG
48990;BUILD_SYSTEM;BUG
48997;DOCUMENTATION;RFE
49196;BUG;BUG
49236;OTHER;BUG
49424;BUG;BUG
49445;BUG;BUG
49494;OTHER;BUG
49521;BUG;BUG
49585;OTHER;BUG
49647;OTHER;BUG
49718;BUG;BUG
49749;IMPROVEMENT;BUG
49774;RFE;BUG
49935;BUG;BUG
50189;BUG;BUG
50325;IMPROVEMENT;RFE
50413;BUG;BUG
50547;IMPROVEMENT;BUG
50550;BUG;BUG
50620;BUG;BUG
50744;BUG;BUG
50771;BUG;BUG
50772;OTHER;BUG
50949;RFE;RFE
51042;BUG;BUG
51073;IMPROVEMENT;BUG
51473;BUG;BUG
51550;BUG;BUG
51647;BUG;BUG
52059;OTHER;BUG
52172;DOCUMENTATION;BUG
52335;BUG;BUG
52640;OTHER;BUG
52677;DESIGN_DEFECT;BUG
